timestamp,fold_id,step_in_fold,model,actual_return,predicted_return,actual_close,predicted_close
2021-12-29,1,1,LSTM,-0.004632190923143931,0.0020094801213970262,226.15000000000003,227.65701290897408
2022-01-05,1,2,LSTM,0.034763439705698396,0.00194568217528779,234.14999999999998,228.1003922988839
2022-01-12,1,3,LSTM,0.02008311870221302,0.0018340856216310256,238.89999999999998,228.51913183338527
2022-01-19,1,4,LSTM,0.023987916116861463,0.001733862119398872,244.69999999999982,228.91569619424214
2022-01-26,1,5,LSTM,-0.00594324938251134,0.0016600267161113774,243.2499999999999,229.2960179504625
2022-02-02,1,6,LSTM,0.04442495136196012,0.0016109451639361638,254.30000000000004,229.6656989496506
2022-02-09,1,7,LSTM,0.010561412467145814,0.0015804210430317126,257.00000000000006,230.02895442582297
2022-02-16,1,8,LSTM,0.03460817614715861,0.0015623569038327092,266.05000000000007,230.3886226427512
2022-02-23,1,9,LSTM,0.05804548921081221,0.0015520973826704928,281.94999999999993,230.7464858683988
2022-03-02,1,10,LSTM,-0.007297353731782863,0.0015464837775972817,279.90000000000003,231.10360763586715
2022-03-09,1,11,LSTM,-0.04962116315839982,0.0015435236582704297,266.35,231.46059696162354
2022-03-16,1,12,LSTM,0.05087082858926095,0.0015420233275865764,280.24999999999994,231.81778993072206
2022-03-23,1,13,LSTM,-0.006264002584930317,0.001541296414297493,278.5,232.17536535318305
2022-03-30,1,14,LSTM,0.005014337154069182,0.0015409639145280382,279.9,232.5334150129862
2022-04-06,1,15,LSTM,-0.03786400617235586,0.0015408227511776408,269.5,232.89198396390506
2022-04-13,1,16,LSTM,-0.0003711263727890213,0.0015407707436274946,269.3999999999998,233.25109370106728
2022-04-20,1,17,LSTM,-0.058272620083351434,0.0015407561594996755,254.14999999999998,233.61075376347483
2022-04-27,1,18,LSTM,-0.04260238364035995,0.0015407558843274526,243.54999999999995,233.9709683370797
2022-05-04,1,19,LSTM,-0.04858488858624188,0.0015407616629441357,231.99999999999991,234.3317396953033
2022-05-11,1,20,LSTM,0.035150771076112974,0.001540767533284893,240.29999999999984,234.693068722379
2022-05-18,1,21,LSTM,0.0033236424447027346,0.0015407712022478663,241.09999999999997,235.0549557650079
2022-05-25,1,22,LSTM,0.011136431860045981,0.0015407742291423192,243.8,235.41740153513044
2022-06-01,1,23,LSTM,-0.036337261501147466,0.001540776430520103,235.09999999999997,235.78040670183827
2022-06-08,1,24,LSTM,-0.07804201650237719,0.001540777806381218,217.44999999999982,236.14397193435948
2022-06-15,1,25,LSTM,-0.003916604476756902,0.0015407783567256642,216.59999999999988,236.50809790205605
2022-06-22,1,26,LSTM,-0.009509523129356268,0.0015407785401738128,214.54999999999993,236.87278538305586
2022-06-29,1,27,LSTM,-0.03896905523894301,0.0015407786318978871,206.3499999999999,237.23803522156692
2022-07-06,1,28,LSTM,-0.0031549595396791474,0.0015407788153460357,205.69999999999993,237.60384830658654
2022-07-13,1,29,LSTM,0.0091943546328217,0.0015407786318978871,207.59999999999982,237.97022541944585
2022-07-20,1,30,LSTM,0.0016845148971871282,0.0015407788153460357,207.94999999999982,238.33716751716725
2022-07-27,2,1,LSTM,0.0024015381378852396,0.00154077890707011,208.44999999999982,238.70467544917813
2022-08-03,2,2,LSTM,0.03024090589419881,0.0015407787236219614,214.84999999999994,239.07275002225737
2022-08-10,2,3,LSTM,-0.02664937803023637,0.0015407788153460357,209.19999999999993,239.4413921758989
2022-08-17,2,4,LSTM,0.006432422417169015,0.0015407788153460357,210.54999999999995,239.81060276336416
2022-08-24,2,5,LSTM,-0.004045216700062859,0.0015407788153460357,209.69999999999987,240.180382661159
2022-08-31,2,6,LSTM,-0.05036508038013654,0.0015407788153460357,199.39999999999984,240.55073274714084
2022-09-07,2,7,LSTM,0.008240775815544943,0.0015407788153460357,201.0499999999998,240.9216539005207
2022-09-14,2,8,LSTM,-0.022891202033966884,0.0015407788153460357,196.49999999999986,241.29314700186538
2022-09-21,2,9,LSTM,-0.03944465680185161,0.0015407787236219614,188.89999999999995,241.66521291093287
2022-09-28,2,10,LSTM,0.08179220463094428,0.0015407788153460357,204.99999999999994,242.03785255530653
2022-10-05,2,11,LSTM,-0.027947905311044074,0.00154077890707011,199.34999999999997,242.4110668197353
2022-10-12,2,12,LSTM,-0.023858999770899558,0.0015407788153460357,194.64999999999992,242.7848565457942
2022-10-19,2,13,LSTM,0.005124274599956458,0.0015407787236219614,195.64999999999986,243.15922262075708
2022-10-26,2,14,LSTM,0.018985508871316448,0.0015407788153460357,199.39999999999986,243.53416597794174
2022-11-02,2,15,LSTM,0.03183489068817558,0.0015407787236219614,205.84999999999982,243.909687462822
2022-11-09,2,16,LSTM,0.018768597131402665,0.0015407788153460357,209.74999999999997,244.2857880115962
2022-11-16,2,17,LSTM,0.0,0.0015407789987941845,209.74999999999997,244.66246853967186
2022-11-23,2,18,LSTM,-0.01682732013252597,0.0015407787236219614,206.2499999999998,245.0397298291158
2022-11-30,2,19,LSTM,0.04317558628532936,0.0015407789987941845,215.34999999999982,245.41757291029893
2022-12-07,2,20,LSTM,-0.011442039600685128,0.0015407787236219614,212.89999999999998,245.7959985452603
2022-12-14,2,21,LSTM,-0.016576273462997726,0.0015407788153460357,209.3999999999999,246.17500772239052
2022-12-21,2,22,LSTM,-0.0009555662456683933,0.0015407788153460357,209.19999999999996,246.5546013189466
2022-12-28,2,23,LSTM,-0.020280753052359657,0.00154077890707011,204.99999999999994,246.93478025873353
2023-01-04,2,24,LSTM,0.0293219757158667,0.0015407787236219614,211.09999999999994,247.3155453763464
2023-01-11,2,25,LSTM,0.04809063463091512,0.0015407788153460357,221.49999999999986,247.6968976436712
2023-01-18,2,26,LSTM,0.018784094338299973,0.0015407789987941845,225.69999999999993,248.0788379888979
2023-01-25,2,27,LSTM,-0.02194936942055037,0.0015407787236219614,220.7999999999998,248.46136720501372
2023-02-01,2,28,LSTM,0.0033909832425589315,0.00154077890707011,221.54999999999995,248.84448631395225
2023-02-08,2,29,LSTM,-0.03584118982862883,0.0015407788153460357,213.74999999999997,249.2281961568685
2023-02-15,2,30,LSTM,-0.007277881636987615,0.0015407788153460357,212.19999999999982,249.61249766747943
2023-02-22,3,1,LSTM,-0.025052007985141067,0.0015407788153460357,206.94999999999987,249.99739175811675
2023-03-01,3,2,LSTM,-0.0014506772369999865,0.00154077890707011,206.6499999999999,250.38287936548508
2023-03-08,3,3,LSTM,0.0031404784839930144,0.00154077890707011,207.29999999999998,250.76896138183662
2023-03-15,3,4,LSTM,-0.0241681481198599,0.0015407787236219614,202.34999999999988,251.15563867765604
2023-03-22,3,5,LSTM,0.014960426172583752,0.0015407788153460357,205.39999999999998,251.54291223991993
2023-03-29,3,6,LSTM,0.013299676146526274,0.0015407787236219614,208.14999999999992,251.93078294190593
2023-04-05,3,7,LSTM,-0.01964890382518547,0.00154077890707011,204.09999999999988,252.31925177374347
2023-04-12,3,8,LSTM,0.04900012322818714,0.0015407788153460357,214.3499999999999,252.7083195883331
2023-04-19,3,9,LSTM,-0.03175622296722391,0.0015407788153460357,207.64999999999984,253.09798733242982
2023-04-26,3,10,LSTM,0.013394125139817525,0.0015407787236219614,210.4499999999999,253.4882559078538
2023-05-03,3,11,LSTM,-0.0042857208454991635,0.00154077890707011,209.5499999999999,253.8791263108556
2023-05-10,3,12,LSTM,-0.01393583341333926,0.0015407788153460357,206.6499999999999,254.27059939960853
2023-05-17,3,13,LSTM,0.010350315050742687,0.00154077890707011,208.79999999999998,254.66267615007922
2023-05-24,3,14,LSTM,-0.008416546016907667,0.0015407788153460357,207.04999999999993,255.05535744637643
2023-05-31,3,15,LSTM,-0.014350240175777351,0.0015407787236219614,204.09999999999988,255.4486442206174
2023-06-07,3,16,LSTM,-0.00024500796398463365,0.00154077890707011,204.04999999999984,255.84253747675734
2023-06-14,3,17,LSTM,-0.006144790134785971,0.0015407788153460357,202.79999999999998,256.23703807960635
2023-06-21,3,18,LSTM,-0.030540546322015416,0.0015407787236219614,196.69999999999985,256.63214696560016
2023-06-28,3,19,LSTM,-0.002545178263750003,0.0015407788153460357,196.2,257.02786511976973
2023-07-05,3,20,LSTM,0.0012733988732058776,0.00154077890707011,196.44999999999996,257.42419348165873
2023-07-12,3,21,LSTM,0.00431746702410063,0.0015407788153460357,197.29999999999993,257.82113294496304
2023-07-19,3,22,LSTM,0.005559781822203291,0.0015407787236219614,198.40000000000003,258.21868445190756
2023-07-26,3,23,LSTM,0.020948396963810012,0.0015407788153460357,202.5999999999999,258.61684899361285
2023-08-02,3,24,LSTM,-0.011417349142810451,0.00154077890707011,200.2999999999999,259.015627515431
2023-08-09,3,25,LSTM,-0.01623187572580065,0.0015407788153460357,197.0749999999999,259.41502091658276
2023-08-16,3,26,LSTM,0.008966404707727804,0.00154077890707011,198.84999999999994,259.81503019278074
2023-08-23,3,27,LSTM,-0.013416224522436515,0.0015407788153460357,196.20000000000002,260.21565624602096
2023-08-30,3,28,LSTM,0.02267670867102911,0.0015407789987941845,200.69999999999987,260.61690009899394
2023-09-06,3,29,LSTM,0.0019910409763141956,0.0015407788153460357,201.09999999999994,261.0187626087067
2023-09-13,3,30,LSTM,0.009649957353700778,0.0015407787236219614,203.05,261.4212447529382
2023-09-20,4,1,LSTM,0.016363779475100593,0.00154077890707011,206.39999999999995,261.824347559117
2023-09-27,4,2,LSTM,0.01180025733577672,0.0015407788153460357,208.84999999999994,262.22807191227304
2023-10-04,4,3,LSTM,-0.022026789119608203,0.0015407788153460357,204.2999999999999,262.6324187948266
2023-10-11,4,4,LSTM,-0.01082687741400079,0.0015407788153460357,202.09999999999994,263.0373891666971
2023-10-18,4,5,LSTM,0.0034576473074530156,0.0015407787236219614,202.79999999999998,263.44298396512
2023-10-25,4,6,LSTM,0.016868753497761624,0.0015407788153460357,206.24999999999986,263.84920420126826
2023-11-01,4,7,LSTM,0.010370284664421803,0.0015407787236219614,208.39999999999992,264.2560507911431
2023-11-08,4,8,LSTM,-0.015961644800876584,0.0015407788153460357,205.1,264.66352474903823
2023-11-15,4,9,LSTM,0.002921131580576386,0.0015407788153460357,205.69999999999996,265.0716270180955
2023-11-22,4,10,LSTM,-0.023611524838022646,0.0015407788153460357,200.89999999999998,265.4803585671496
2023-11-29,4,11,LSTM,-0.011514520209816581,0.0015407788153460357,198.59999999999997,265.8897203665291
2023-12-06,4,12,LSTM,-0.02137485958473384,0.0015407787236219614,194.39999999999992,266.29971336363275
2023-12-13,4,13,LSTM,0.04844716982547581,0.0015407787236219614,204.0499999999999,266.71033855613473
2023-12-20,4,14,LSTM,0.006350778550753056,0.0015407787236219614,205.3499999999999,267.12159691885904
2023-12-27,4,15,LSTM,0.014023440644384877,0.0015407787236219614,208.25,267.53348942813284
2024-01-03,4,16,LSTM,-0.02233644695253023,0.0015407786318978871,203.65000000000003,267.9460170372117
2024-01-10,4,17,LSTM,-0.012600537315815785,0.0015407788153460357,201.0999999999999,268.3591807991673
2024-01-17,4,18,LSTM,-0.004735211340023859,0.0015407787236219614,200.1499999999999,268.77298162111884
2024-01-24,4,19,LSTM,0.002993267388288423,0.0015407789987941845,200.74999999999991,269.18742058407935
2024-01-31,4,20,LSTM,0.004968954323187447,0.0015407788153460357,201.74999999999997,269.602498548624
2024-02-07,4,21,LSTM,-0.008212065560370796,0.0015407787236219614,200.09999999999988,270.01821652468647
2024-02-14,4,22,LSTM,-0.004006014370938615,0.0015407790905182586,199.2999999999999,270.4345756230935
2024-02-21,4,23,LSTM,-0.0035184756076764856,0.00154077890707011,198.59999999999997,270.8515766836785
2024-02-28,4,24,LSTM,0.01598435630843653,0.0015407788153460357,201.8,271.26922072105447
2024-03-06,4,25,LSTM,0.010597757844058364,0.0015407788153460357,203.94999999999993,271.68750875151363
2024-03-13,4,26,LSTM,-0.0004904364983051579,0.0015407787236219614,203.8499999999999,272.10644174311295
2024-03-20,4,27,LSTM,0.024471239297257696,0.0015407787236219614,208.8999999999999,272.5260207152811
2024-03-27,4,28,LSTM,0.017791953137122896,0.0015407788153460357,212.64999999999998,272.94624668913417
2024-04-03,4,29,LSTM,0.048868537146469215,0.0015407787236219614,223.29999999999987,273.3671206122554
2024-04-10,4,30,LSTM,0.03822121282019797,0.0015407788153460357,231.9999999999999,273.78864353390964
2024-04-17,5,1,LSTM,0.03826700918532122,0.00154077890707011,241.04999999999987,274.21081645490807
2024-04-24,5,2,LSTM,0.003933345305055624,0.0015407789987941845,242.0,274.6336403776055
2024-05-01,5,3,LSTM,-0.032122001787971755,0.00154077890707011,234.34999999999988,275.05711625544365
2024-05-08,5,4,LSTM,-0.0017083070564893887,0.0015407788153460357,233.95,275.4812450936379
2024-05-15,5,5,LSTM,0.05690904172202149,0.0015407788153460357,247.65,275.9060279242604
2024-05-22,5,6,LSTM,-0.008108700419589887,0.0015407789987941845,245.6499999999999,276.33146580643813
2024-05-29,5,7,LSTM,-0.018695973427531598,0.0015407788153460357,241.09999999999994,276.75755964885354
2024-06-05,5,8,LSTM,-0.03417333162142544,0.0015407787236219614,232.9999999999998,277.18431048824334
2024-06-12,5,9,LSTM,-0.012524456524380057,0.0015407788153460357,230.09999999999988,277.61171938852374
2024-06-19,5,10,LSTM,-0.0085106896679088,0.0015407788153460357,228.14999999999984,278.0397873389781
2024-06-26,5,11,LSTM,0.009379499453228135,0.0015407788153460357,230.2999999999999,278.46851535583966
2024-07-03,5,12,LSTM,0.00021708455528646198,0.0015407787236219614,230.34999999999988,278.89790443132694
2024-07-10,5,13,LSTM,-0.0301884773283021,0.0015407789987941845,223.49999999999997,279.3279556871757
2024-07-17,5,14,LSTM,-0.04366907119079766,0.0015407788153460357,213.95,279.75867001637977
2024-07-24,5,15,LSTM,-0.02077996849174557,0.0015407787236219614,209.54999999999995,280.190048466918
2024-07-31,5,16,LSTM,0.021013640650770604,0.0015407788153460357,213.99999999999986,280.6220921142435
2024-08-07,5,17,LSTM,0.009533847356091307,0.00154077890707011,216.05,281.0548019841468
2024-08-14,5,18,LSTM,0.047455808735204386,0.0015407788153460357,226.54999999999987,281.4881790523618
2024-08-21,5,19,LSTM,0.021830161813614524,0.00154077890707011,231.55000000000004,281.92222439932425
2024-08-28,5,20,LSTM,-0.014135279391011224,0.00154077890707011,228.3,282.3569390296785
